Symbol,Security,GICS Sector,GICS Sub-Industry,Headquarters Location,Date added,Founded,Market Cap
MMM,3M,Industrials,Industrial Conglomerates,"Saint Paul, Minnesota",1957-03-04,1902,84.30B
AOS,A. O. Smith,Industrials,Building Products,"Milwaukee, Wisconsin",2017-07-26,1916,7.78B
ABT,Abbott Laboratories,Health Care,Health Care Equipment,"North Chicago, Illinois",1957-03-04,1888,178.48B
ABBV,AbbVie,Health Care,Biotechnology,"North Chicago, Illinois",2012-12-31,2013 (1888),466.48B
ACN,Accenture,Information Technology,IT Consulting & Other Services,"Dublin, Ireland",2011-07-06,1989,117.40B
ADBE,Adobe Inc.,Information Technology,Application Software,"San Jose, California",1997-05-05,1982,100.79B
AMD,Advanced Micro Devices,Information Technology,Semiconductors,"Santa Clara, California",2017-03-20,1969,847.03B
AES,AES Corporation,Utilities,Independent Power Producers & Energy Traders,"Arlington, Virginia",1998-10-02,1981,10.56B
AFL,Aflac,Financials,Life & Health Insurance,"Columbus, Georgia",1999-05-28,1955,58.92B
A,Agilent Technologies,Health Care,Life Sciences Tools & Services,"Santa Clara, California",2000-06-05,1999,43.76B
APD,Air Products,Materials,Industrial Gases,"Upper Macungie Township, Pennsylvania",1985-04-30,1940,64.01B
ABNB,Airbnb,Consumer Discretionary,"Hotels, Resorts & Cruise Lines","San Francisco, California",2023-09-18,2008,99.51B
AKAM,Akamai Technologies,Information Technology,Internet Services & Infrastructure,"Cambridge, Massachusetts",2007-07-12,1998,15.23B
ALB,Albemarle Corporation,Materials,Specialty Chemicals,"Charlotte, North Carolina",2016-07-01,1994,13.08B
ARE,Alexandria Real Estate Equities,Real Estate,Office REITs,"Pasadena, California",2017-03-20,1994,9.13B
ALGN,Align Technology,Health Care,Health Care Supplies,"Tempe, Arizona",2017-06-19,1997,10.77B
ALLE,Allegion,Industrials,Building Products,"Dublin, Ireland",2013-12-02,1908,13.08B
LNT,Alliant Energy,Utilities,Electric Utilities,"Madison, Wisconsin",2016-07-01,1917,17.23B
ALL,Allstate,Financials,Property & Casualty Insurance,"Northbrook, Illinois",1995-07-13,1931,65.05B
GOOGL,Alphabet Inc. (Class A),Communication Services,Interactive Media & Services,"Mountain View, California",2006-04-03,1998,4.23T
GOOG,Alphabet Inc. (Class C),Communication Services,Interactive Media & Services,"Mountain View, California",2014-04-03,1998,4.19T
MO,Altria,Consumer Staples,Tobacco,"Richmond, Virginia",1957-03-04,1985,117.95B
AMZN,Amazon,Consumer Discretionary,Broadline Retail,"Seattle, Washington",2005-11-18,1994,2.67T
AMCR,Amcor,Materials,Paper & Plastic Packaging Products & Materials,"Warmley, Bristol, United Kingdom",2019-06-07,2019 (1860),19.61B
AEE,Ameren,Utilities,Multi-Utilities,"St. Louis, Missouri",1991-09-19,1902,28.65B
AEP,American Electric Power,Utilities,Electric Utilities,"Columbus, Ohio",1957-03-04,1906,65.95B
AXP,American Express,Financials,Consumer Finance,"New York City, New York",1976-06-30,1850,213.54B
AIG,American International Group,Financials,Multi-line Insurance,"New York City, New York",1980-03-31,1919,39.95B
AMT,American Tower,Real Estate,Telecom Tower REITs,"Boston, Massachusetts",2007-11-19,1995,83.58B
AWK,American Water Works,Utilities,Water Utilities,"Camden, New Jersey",2016-03-04,1886,27.55B
AMP,Ameriprise Financial,Financials,Asset Management & Custody Banks,"Minneapolis, Minnesota",2005-10-03,1894,48.32B
AME,Ametek,Industrials,Electrical Components & Equipment,"Berwyn, Pennsylvania",2013-09-23,1930,53.43B
AMGN,Amgen,Health Care,Biotechnology,"Thousand Oaks, California",1992-01-02,1980,203.98B
APH,Amphenol,Information Technology,Electronic Components,"Wallingford, Connecticut",2008-09-30,1932,191.68B
ADI,Analog Devices,Information Technology,Semiconductors,"Wilmington, Massachusetts",1999-10-12,1965,177.06B
AON,Aon plc,Financials,Insurance Brokers,"London, United Kingdom",1996-04-23,1982 (1919),64.19B
APA,APA Corporation,Energy,Oil & Gas Exploration & Production,"Houston, Texas",1997-07-28,1954,15.90B
APO,Apollo Global Management,Financials,Asset Management & Custody Banks,"New York City, New York",2024-12-23,1990,75.29B
AAPL,Apple Inc.,Information Technology,"Technology Hardware, Storage & Peripherals","Cupertino, California",1982-11-30,1977,4.88T
AMAT,Applied Materials,Information Technology,Semiconductor Materials & Equipment,"Santa Clara, California",1995-03-16,1967,331.30B
APP,AppLovin,Communication Services,Advertising,"Palo Alto, California",2025-09-22,2012,110.26B
APTV,Aptiv,Consumer Discretionary,Automotive Parts & Equipment,"Schaffhausen, Switzerland",2012-12-24,1994,9.11B
ACGL,Arch Capital Group,Financials,Property & Casualty Insurance,"Hamilton, Bermuda",2022-11-01,1995,33.24B
ADM,Archer Daniels Midland,Consumer Staples,Agricultural Products & Services,"Chicago, Illinois",1957-03-04,1902,41.65B
ARES,Ares Management,Financials,Asset Management & Custody Banks,"Los Angeles, California",2025-12-11,1977,28.78B
ANET,Arista Networks,Information Technology,Communications Equipment,"Santa Clara, California",2018-08-28,2004,250.21B
AJG,Arthur J. Gallagher & Co.,Financials,Insurance Brokers,"Rolling Meadows, Illinois",2016-05-31,1927,62.70B
AIZ,Assurant,Financials,Multi-line Insurance,"Atlanta, Georgia",2007-04-10,1892,14.16B
T,AT&T,Communication Services,Integrated Telecommunication Services,"Dallas, Texas",1983-11-30,1983 (1885),179.36B
ATO,Atmos Energy,Utilities,Gas Utilities,"Dallas, Texas",2019-02-15,1906,27.56B
ADSK,Autodesk,Information Technology,Application Software,"San Francisco, California",1989-12-01,1982,46.53B
ADP,Automatic Data Processing,Industrials,Human Resource & Employment Services,"Roseland, New Jersey",1981-03-31,1949,109.25B
AZO,AutoZone,Consumer Discretionary,Automotive Retail,"Memphis, Tennessee",1997-01-02,1979,47.25B
AVY,Avery Dennison,Materials,Paper & Plastic Packaging Products & Materials,"Mentor, Ohio",1987-12-31,1935,13.17B
AXON,Axon Enterprise,Industrials,Aerospace & Defense,"Scottsdale, Arizona",2023-05-04,1993,38.04B
BKR,Baker Hughes,Energy,Oil & Gas Equipment & Services,"Houston, Texas",2017-07-07,2017,56.35B
BALL,Ball Corporation,Materials,"Metal, Glass & Plastic Containers","Broomfield, Colorado",1984-10-31,1880,16.33B
BAC,Bank of America,Financials,Diversified Banks,"Charlotte, North Carolina",1976-06-30,1998 (1923 / 1874),407.22B
BAX,Baxter International,Health Care,Health Care Equipment,"Deerfield, Illinois",1972-09-30,1931,12.28B
BDX,Becton Dickinson,Health Care,Health Care Equipment,"Franklin Lakes, New Jersey",1972-09-30,1897,50.30B
BRK.B,Berkshire Hathaway,Financials,Multi-Sector Holdings,"Omaha, Nebraska",2010-02-16,1839,1.12T
BBY,Best Buy,Consumer Discretionary,Computer & Electronics Retail,"Richfield, Minnesota",1999-06-29,1966,19.52B
TECH,Bio-Techne,Health Care,Life Sciences Tools & Services,"Minneapolis, Minnesota",2021-08-30,1976,11.34B
BIIB,Biogen,Health Care,Biotechnology,"Cambridge, Massachusetts",2003-11-13,1978,31.98B
BLK,BlackRock,Financials,Asset Management & Custody Banks,"New York City, New York",2011-04-04,1988,162.50B
BX,Blackstone Inc.,Financials,Asset Management & Custody Banks,"New York City, New York",2023-09-18,1985,94.54B
XYZ,"Block, Inc.",Financials,Transaction & Payment Processing Services,none,2025-07-23,2009,46.62B
BNY,BNY Mellon,Financials,Asset Management & Custody Banks,"New York City, New York",1995-03-31,1784,105.25B
BA,Boeing,Industrials,Aerospace & Defense,"Arlington, Virginia",1957-03-04,1916,161.95B
BKNG,Booking Holdings,Consumer Discretionary,"Hotels, Resorts & Cruise Lines","Norwalk, Connecticut",2009-11-06,1996,129.45B
BSX,Boston Scientific,Health Care,Health Care Equipment,"Marlborough, Massachusetts",1995-02-24,1979,64.01B
BMY,Bristol Myers Squibb,Health Care,Pharmaceuticals,"New York City, New York",1957-03-04,1989 (1887),130.75B
AVGO,Broadcom,Information Technology,Semiconductors,"Palo Alto, California",2014-05-08,1961,1.62T
BR,Broadridge Financial Solutions,Industrials,Data Processing & Outsourced Services,"Lake Success, New York",2018-06-18,1962,19.16B
BRO,Brown & Brown,Financials,Insurance Brokers,"Daytona Beach, Florida",2021-09-20,1939,22.27B
BF.B,Brown–Forman,Consumer Staples,Distillers & Vintners,"Louisville, Kentucky",1982-10-31,1870,11.81B
BLDR,Builders FirstSource,Industrials,Building Products,"Irving, Texas",2023-12-18,1998,6.55B
BG,Bunge Global,Consumer Staples,Agricultural Products & Services,"Chesterfield, Missouri",2023-03-15,1818,22.93B
BXP,"BXP, Inc.",Real Estate,Office REITs,"Boston, Massachusetts",2006-04-03,1970,10.27B
CHRW,C.H. Robinson,Industrials,Air Freight & Logistics,"Eden Prairie, Minnesota",2007-03-02,1905,17.89B
CDNS,Cadence Design Systems,Information Technology,Application Software,"San Jose, California",2017-09-18,1988,77.17B
CPT,Camden Property Trust,Real Estate,Multi-Family Residential REITs,"Houston, Texas",2022-04-04,1981,11.79B
COF,Capital One,Financials,Consumer Finance,"Tysons Corner, Virginia",1998-07-01,1994,126.59B
CAH,Cardinal Health,Health Care,Health Care Distributors,"Dublin, Ohio",1997-05-27,1971,54.31B
CCL,Carnival Corporation,Consumer Discretionary,"Hotels, Resorts & Cruise Lines","Miami, Florida",1998-12-22,1972,30.73B
CARR,Carrier Global,Industrials,Building Products,"Palm Beach Gardens, Florida",2020-04-03,"2020 (1915, United Technologies spinoff)",45.02B
CVNA,Carvana,Consumer Discretionary,Automotive Retail,"Tempe, Arizona",2025-12-22,2012,48.50B
CASY,Casey's,Consumer Staples,Food Retail,"Ankeny, Iowa",2026-04-09,1967,21.86B
CAT,Caterpillar Inc.,Industrials,Construction Machinery & Heavy Transportation Equipment,"Irving, Texas",1957-03-04,1925,362.95B
CBOE,Cboe Global Markets,Financials,Financial Exchanges & Data,"Chicago, Illinois",2017-03-01,1973,27.88B
CBRE,CBRE Group,Real Estate,Real Estate Services,"Dallas, Texas",2006-11-10,1906,41.18B
CDW,CDW Corporation,Information Technology,Technology Distributors,"Vernon Hills, Illinois",2019-09-23,1984,18.91B
COR,Cencora,Health Care,Health Care Distributors,"Conshohocken, Pennsylvania",2001-08-30,1985,61.15B
CNC,Centene Corporation,Health Care,Managed Health Care,"St. Louis, Missouri",2016-03-30,1984,33.09B
CNP,CenterPoint Energy,Utilities,Multi-Utilities,"Houston, Texas",1985-07-31,1882,25.22B
CF,CF Industries,Materials,Fertilizers & Agricultural Chemicals,"Deerfield, Illinois",2008-08-27,1946,20.19B
CRL,Charles River Laboratories,Health Care,Life Sciences Tools & Services,"Wilmington, Massachusetts",2021-05-14,1947,13.36B
SCHW,Charles Schwab Corporation,Financials,Investment Banking & Brokerage,"Westlake, Texas",1997-06-02,1971,182.79B
CHTR,Charter Communications,Communication Services,Cable & Satellite,"Stamford, Connecticut",2016-09-08,1993,16.47B
CVX,Chevron Corporation,Energy,Integrated Oil & Gas,"Houston, Texas",1957-03-04,1879,417.80B
CMG,Chipotle Mexican Grill,Consumer Discretionary,Restaurants,"Newport Beach, California",2011-04-28,1993,43.44B
CB,Chubb Limited,Financials,Property & Casualty Insurance,"Zurich, Switzerland",2010-07-15,1985,132.45B
CHD,Church & Dwight,Consumer Staples,Household Products,"Ewing, New Jersey",2015-12-29,1847,22.64B
CIEN,Ciena,Information Technology,Communications Equipment,"Hanover, Maryland",2026-02-09,1992,47.52B
CI,Cigna,Health Care,Health Care Services,"Bloomfield, Connecticut",1976-06-30,1982,75.06B
CINF,Cincinnati Financial,Financials,Property & Casualty Insurance,"Fairfield, Ohio",1997-12-18,1950,26.44B
CTAS,Cintas,Industrials,Diversified Support Services,"Mason, Ohio",2001-03-01,1929,80.37B
CSCO,Cisco,Information Technology,Communications Equipment,"San Jose, California",1993-12-01,1984,433.61B
C,Citigroup,Financials,Diversified Banks,"New York City, New York",1988-05-31,1998,225.77B
CFG,Citizens Financial Group,Financials,Regional Banks,"Providence, Rhode Island",2016-01-29,1828,28.71B
CLX,Clorox,Consumer Staples,Household Products,"Oakland, California",1969-03-31,1913,10.39B
CME,CME Group,Financials,Financial Exchanges & Data,"Chicago, Illinois",2006-08-11,1848,97.32B
CMS,CMS Energy,Utilities,Multi-Utilities,"Jackson, Michigan",1957-03-04,1886,20.78B
KO,Coca-Cola Company (The),Consumer Staples,Soft Drinks & Non-alcoholic Beverages,"Atlanta, Georgia",1957-03-04,1886,380.52B
CTSH,Cognizant,Information Technology,IT Consulting & Other Services,"Teaneck, New Jersey",2006-11-17,1994,28.22B
COHR,Coherent Corp.,Information Technology,Electronic Components,"Saxonburg, Pennsylvania",2026-03-23,1971,56.32B
COIN,Coinbase,Financials,Financial Exchanges & Data,"New York City, New York",2025-05-19,2012,43.60B
CL,Colgate-Palmolive,Consumer Staples,Household Products,"New York City, New York",1957-03-04,1806,69.69B
CMCSA,Comcast,Communication Services,Cable & Satellite,"Philadelphia, Pennsylvania",2002-11-19,1963,85.40B
FIX,Comfort Systems USA,Industrials,Construction & Engineering,"Houston, Texas",2025-12-22,1997,56.22B
COP,ConocoPhillips,Energy,Oil & Gas Exploration & Production,"Houston, Texas",1957-03-04,2002,163.93B
ED,Consolidated Edison,Utilities,Multi-Utilities,"New York City, New York",1957-03-04,1823,39.07B
STZ,Constellation Brands,Consumer Staples,Distillers & Vintners,"Rochester, New York",2005-07-01,1945,21.11B
CEG,Constellation Energy,Utilities,Electric Utilities,"Baltimore, Maryland",2022-02-02,1999,92.18B
COO,Cooper Companies (The),Health Care,Health Care Supplies,"San Ramon, California",2016-09-23,1958,10.45B
CPRT,Copart,Industrials,Diversified Support Services,"Dallas, Texas",2018-07-02,1982,28.59B
GLW,Corning Inc.,Information Technology,Electronic Components,"Corning, New York",1995-02-27,1851,124.61B
CPAY,Corpay,Financials,Transaction & Payment Processing Services,"Atlanta, Georgia",2018-06-20,2000,26.66B
CTVA,Corteva,Materials,Fertilizers & Agricultural Chemicals,"Indianapolis, Indiana",2019-06-03,2019,54.74B
CSGP,CoStar Group,Real Estate,Real Estate Services,"Washington, D.C.",2022-09-19,1987,12.54B
COST,Costco,Consumer Staples,Consumer Staples Merchandise Retail,"Issaquah, Washington",1993-10-01,1976,398.41B
CRH,CRH plc,Materials,Construction Materials,"Dublin, Ireland",2025-12-22,1970,58.39B
CRWD,CrowdStrike,Information Technology,Systems Software,"Austin, Texas",2024-06-24,2011,247.57B
CCI,Crown Castle,Real Estate,Telecom Tower REITs,"Houston, Texas",2012-03-14,1994,31.79B
CSX,CSX Corporation,Industrials,Rail Transportation,"Jacksonville, Florida",1957-03-04,1980,89.31B
CMI,Cummins,Industrials,Construction Machinery & Heavy Transportation Equipment,"Columbus, Indiana",1965-03-31,1919,72.83B
CVS,CVS Health,Health Care,Health Care Services,"Woonsocket, Rhode Island",1957-03-04,1996,118.41B
DHR,Danaher Corporation,Health Care,Life Sciences Tools & Services,"Washington, D.C.",1998-11-18,1969,147.90B
DRI,Darden Restaurants,Consumer Discretionary,Restaurants,"Orlando, Florida",1995-05-31,1938,23.95B
DDOG,Datadog,Information Technology,Application Software,"New York City, New York",2025-07-09,2010,84.15B
DVA,DaVita,Health Care,Health Care Services,"Denver, Colorado",2008-07-31,1979,12.35B
DECK,Deckers Brands,Consumer Discretionary,Footwear,"Goleta, California",2024-03-18,1973,10.82B
DE,Deere & Company,Industrials,Agricultural & Farm Machinery,"Moline, Illinois",1957-03-04,1837,181.52B
DELL,Dell Technologies,Information Technology,"Technology Hardware, Storage & Peripherals","Round Rock, Texas",2024-09-23,2016,358.90B
DAL,Delta Air Lines,Industrials,Passenger Airlines,"Atlanta, Georgia",2013-09-11,1929,51.38B
DVN,Devon Energy,Energy,Oil & Gas Exploration & Production,"Oklahoma City, Oklahoma",2000-08-30,1971,54.01B
DXCM,Dexcom,Health Care,Health Care Equipment,"San Diego, California",2020-05-12,1999,33.28B
FANG,Diamondback Energy,Energy,Oil & Gas Exploration & Production,"Midland, Texas",2018-12-03,2007,54.96B
DLR,Digital Realty,Real Estate,Data Center REITs,"Austin, Texas",2016-05-18,2004,67.90B
DG,Dollar General,Consumer Staples,Consumer Staples Merchandise Retail,"Goodlettsville, Tennessee",2012-12-03,1939,27.59B
DLTR,Dollar Tree,Consumer Staples,Consumer Staples Merchandise Retail,"Chesapeake, Virginia",2011-12-19,1986,21.43B
D,Dominion Energy,Utilities,Multi-Utilities,"Richmond, Virginia",2016-11-30,1983,56.40B
DPZ,Domino's,Consumer Discretionary,Restaurants,"Ann Arbor, Michigan",2020-05-12,1960,10.08B
DASH,DoorDash,Consumer Discretionary,Specialized Consumer Services,"San Francisco, California",2025-03-24,2012,85.37B
DOV,Dover Corporation,Industrials,Industrial Machinery & Supplies & Components,"Downers Grove, Illinois",1985-10-31,1955,25.54B
DOW,Dow Inc.,Materials,Commodity Chemicals,"Midland, Michigan",2019-04-01,2019 (1897),21.76B
DHI,D. R. Horton,Consumer Discretionary,Homebuilding,"Arlington, Texas",2005-06-22,1978,39.31B
DTE,DTE Energy,Utilities,Multi-Utilities,"Detroit, Michigan",1957-03-04,1995,27.24B
DUK,Duke Energy,Utilities,Electric Utilities,"Charlotte, North Carolina",1976-06-30,1904,92.15B
DD,DuPont,Industrials,Industrial Conglomerates,"Wilmington, Delaware",2019-06-03,2017 (1802),17.30B
ETN,Eaton Corporation,Industrials,Electrical Components & Equipment,"Dublin, Ireland",1957-03-04,1911,155.00B
EBAY,eBay Inc.,Consumer Discretionary,Broadline Retail,"San Jose, California",2002-07-22,1995,48.55B
ECHO,EchoStar,Communication Services,Wireless Telecommunication Services,"Englewood, Colorado",2026-03-23,2008,27.35B
ECL,Ecolab,Materials,Specialty Chemicals,"Saint Paul, Minnesota",1989-01-31,1923,77.35B
EIX,Edison International,Utilities,Electric Utilities,"Rosemead, California",1957-03-04,1886,21.24B
EW,Edwards Lifesciences,Health Care,Health Care Equipment,"Irvine, California",2011-04-01,1958,51.33B
ELV,Elevance Health,Health Care,Managed Health Care,"Indianapolis, Indiana",2002-07-25,2014 (1946),90.05B
EME,Emcor,Industrials,Construction & Engineering,"Norwalk, Connecticut",2025-09-22,1994,32.79B
EMR,Emerson Electric,Industrials,Electrical Components & Equipment,"Ferguson, Missouri",1965-03-31,1890,81.85B
ETR,Entergy,Utilities,Electric Utilities,"New Orleans, Louisiana",1957-03-04,1913,49.06B
EOG,EOG Resources,Energy,Oil & Gas Exploration & Production,"Houston, Texas",2000-11-02,1999,76.80B
EQT,EQT Corporation,Energy,Oil & Gas Exploration & Production,"Pittsburgh, Pennsylvania",2022-10-03,1888,31.76B
EFX,Equifax,Industrials,Research & Consulting Services,"Atlanta, Georgia",1997-06-19,1899,19.48B
EQIX,Equinix,Real Estate,Data Center REITs,"Redwood City, California",2015-03-20,1998,100.90B
ERIE,Erie Indemnity,Financials,Insurance Brokers,"Erie, Pennsylvania",2024-09-23,1925,12.92B
ESS,Essex Property Trust,Real Estate,Multi-Family Residential REITs,"San Mateo, California",2014-04-02,1971,17.59B
EL,Estée Lauder Companies (The),Consumer Staples,Personal Care Products,"New York City, New York",2006-01-05,1946,34.82B
EG,Everest Group,Financials,Reinsurance,"Hamilton, Bermuda",2017-06-19,1973,14.57B
EVRG,Evergy,Utilities,Electric Utilities,"Kansas City, Missouri",2018-06-05,1909,18.61B
ES,Eversource Energy,Utilities,Electric Utilities,"Hartford, Connecticut",2009-07-24,1966,25.63B
EXC,Exelon,Utilities,Electric Utilities,"Chicago, Illinois",1957-03-04,2000,43.87B
EXE,Expand Energy,Energy,Oil & Gas Exploration & Production,"Oklahoma City, Oklahoma",2025-03-24,1989,20.82B
EXPE,Expedia Group,Consumer Discretionary,"Hotels, Resorts & Cruise Lines","Seattle, Washington",2007-10-02,1996,34.90B
EXPD,Expeditors International,Industrials,Air Freight & Logistics,"Seattle, Washington",2007-10-10,1979,24.71B
EXR,Extra Space Storage,Real Estate,Self-Storage REITs,"Salt Lake City, Utah",2016-01-19,1977,29.15B
XOM,ExxonMobil,Energy,Integrated Oil & Gas,"Irving, Texas",1957-03-04,1999,675.59B
FFIV,"F5, Inc.",Information Technology,Communications Equipment,"Seattle, Washington",2010-12-20,1996,24.04B
FDS,FactSet,Financials,Financial Exchanges & Data,"Norwalk, Connecticut",2021-12-20,1978,9.81B
FICO,Fair Isaac,Information Technology,Application Software,"Bozeman, Montana",2023-03-20,1956,21.54B
FAST,Fastenal,Industrials,Trading Companies & Distributors,"Winona, Minnesota",2008-09-15,1967,56.78B
FRT,Federal Realty Investment Trust,Real Estate,Retail REITs,"Rockville, Maryland",2016-02-01,1962,9.83B
FDX,FedEx,Industrials,Air Freight & Logistics,"Memphis, Tennessee",1980-12-31,1971,71.66B
FDXF,FedEx Freight,Industrials,Cargo Ground Transportation,"Memphis, Tennessee",2026-06-01,1982,18.34B
FERG,Ferguson Enterprises,Industrials,Trading Companies & Distributors,"Newport News, Virginia",2026-08-05,1953,41.88B
FIS,Fidelity National Information Services,Financials,Transaction & Payment Processing Services,"Jacksonville, Florida",2006-11-10,1968,19.29B
FITB,Fifth Third Bancorp,Financials,Regional Banks,"Cincinnati, Ohio",1996-03-29,1858,48.14B
FSLR,First Solar,Information Technology,Semiconductors,"Tempe, Arizona",2022-12-19,1999,20.61B
FE,FirstEnergy,Utilities,Electric Utilities,"Akron, Ohio",1997-11-28,1997,26.33B
FISV,Fiserv,Financials,Transaction & Payment Processing Services,"Brookfield, Wisconsin",2001-04-02,1984,26.49B
FLEX,Flex Ltd.,Information Technology,Electronic Manufacturing Services,"Austin, Texas",2026-06-22,1969,40.32B
F,Ford Motor Company,Consumer Discretionary,Automobile Manufacturers,"Dearborn, Michigan",1957-03-04,1903,53.73B
FTNT,Fortinet,Information Technology,Systems Software,"Sunnyvale, California",2018-10-11,2000,126.51B
FTV,Fortive,Industrials,Industrial Machinery & Supplies & Components,"Everett, Washington",2016-07-01,2016,16.75B
FOXA,Fox Corporation (Class A),Communication Services,Broadcasting,"New York City, New York",2019-03-19,2019,28.09B
FOX,Fox Corporation (Class B),Communication Services,Broadcasting,"New York City, New York",2019-03-19,2019,25.10B
BEN,Franklin Resources,Financials,Asset Management & Custody Banks,"San Mateo, California",1998-04-30,1947,16.74B
FCX,Freeport-McMoRan,Materials,Copper,"Phoenix, Arizona",2011-07-01,1912,99.40B
GRMN,Garmin,Consumer Discretionary,Consumer Electronics,"Schaffhausen, Switzerland",2012-12-12,1989,53.91B
IT,Gartner,Information Technology,IT Consulting & Other Services,"Stamford, Connecticut",2017-04-05,1979,12.25B
GE,GE Aerospace,Industrials,Aerospace & Defense,"Evendale, Ohio",1957-03-04,1892,327.02B
GEHC,GE HealthCare,Health Care,Health Care Equipment,"Chicago, Illinois",2023-01-04,1994,28.89B
GEV,GE Vernova,Industrials,Heavy Electrical Equipment,"Cambridge, Massachusetts",2024-04-02,2024,247.28B
GEN,Gen Digital,Information Technology,Systems Software,"Tempe, Arizona",2003-03-25,1982,18.48B
GNRC,Generac,Industrials,Heavy Electrical Equipment,"Waukesha, Wisconsin",2021-03-22,1959,10.44B
GD,General Dynamics,Industrials,Aerospace & Defense,"Reston, Virginia",1957-03-04,1899,97.46B
GIS,General Mills,Consumer Staples,Packaged Foods & Meats,"Golden Valley, Minnesota",1957-03-04,1856,19.77B
GM,General Motors,Consumer Discretionary,Automobile Manufacturers,"Detroit, Michigan",2013-06-06,1908,76.82B
GPC,Genuine Parts Company,Consumer Discretionary,Distributors,"Atlanta, Georgia",1973-12-31,1925,18.22B
GILD,Gilead Sciences,Health Care,Biotechnology,"Foster City, California",2004-07-01,1987,184.22B
GPN,Global Payments,Financials,Transaction & Payment Processing Services,"Atlanta, Georgia",2016-04-25,2000,23.14B
GL,Globe Life,Financials,Life & Health Insurance,"McKinney, Texas",1989-04-30,1900,13.46B
GDDY,GoDaddy,Information Technology,Internet Services & Infrastructure,"Tempe, Arizona",2024-06-24,1997,12.81B
GS,Goldman Sachs,Financials,Investment Banking & Brokerage,"New York City, New York",2002-07-22,1869,281.42B
HAL,Halliburton,Energy,Oil & Gas Equipment & Services,"Houston, Texas",1957-03-04,1919,29.13B
HIG,Hartford (The),Financials,Property & Casualty Insurance,"Hartford, Connecticut",1957-03-04,1810,36.77B
HAS,Hasbro,Consumer Discretionary,Leisure Products,"Pawtucket, Rhode Island",1984-09-30,1923,12.71B
HCA,HCA Healthcare,Health Care,Health Care Facilities,"Nashville, Tennessee",2015-01-27,1968,93.81B
DOC,Healthpeak Properties,Real Estate,Health Care REITs,"Denver, Colorado",2008-03-31,1985,14.04B
HSIC,Henry Schein,Health Care,Health Care Distributors,"Melville, New York",2015-03-17,1932,9.83B
HSY,Hershey Company (The),Consumer Staples,Packaged Foods & Meats,"Hershey, Pennsylvania",1957-03-04,1894,34.66B
HPE,Hewlett Packard Enterprise,Information Technology,"Technology Hardware, Storage & Peripherals","Houston, Texas",2015-11-02,2015,75.82B
HLT,Hilton Worldwide,Consumer Discretionary,"Hotels, Resorts & Cruise Lines","Tysons Corner, Virginia",2017-06-19,1919,69.16B
HD,Home Depot (The),Consumer Discretionary,Home Improvement Retail,"Atlanta, Georgia",1988-03-31,1978,306.37B
HONA,Honeywell Aerospace,Industrials,Aerospace & Defense,"Phoenix, Arizona",2026-06-29,1914,52.23B
HON,Honeywell Technologies,Industrials,Industrial Conglomerates,"Charlotte, North Carolina",1957-03-04,1906,65.92B
HRL,Hormel Foods,Consumer Staples,Packaged Foods & Meats,"Austin, Minnesota",2009-03-04,1891,11.52B
HST,Host Hotels & Resorts,Real Estate,Hotel & Resort REITs,"Bethesda, Maryland",2007-03-20,1993,15.08B
HWM,Howmet Aerospace,Industrials,Aerospace & Defense,"Pittsburgh, Pennsylvania",2016-10-21,1888,90.80B
HPQ,HP Inc.,Information Technology,"Technology Hardware, Storage & Peripherals","Palo Alto, California",1974-12-31,1939 (2015),30.15B
HUBB,Hubbell Incorporated,Industrials,Industrial Machinery & Supplies & Components,"Shelton, Connecticut",2023-10-18,1888,23.32B
HUM,Humana,Health Care,Managed Health Care,"Louisville, Kentucky",2012-12-10,1961,46.45B
HBAN,Huntington Bancshares,Financials,Regional Banks,"Columbus, Ohio; Detroit, Michigan",1997-08-28,1866,32.59B
HII,Huntington Ingalls Industries,Industrials,Aerospace & Defense,"Newport News, Virginia",2018-01-03,2011,10.90B
IBM,IBM,Information Technology,IT Consulting & Other Services,"Armonk, New York",1957-03-04,1911,226.15B
IEX,IDEX Corporation,Industrials,Industrial Machinery & Supplies & Components,"Northbrook, Illinois",2019-08-09,1988,16.40B
IDXX,Idexx Laboratories,Health Care,Health Care Equipment,"Westbrook, Maine",2017-01-05,1983,40.90B
ITW,Illinois Tool Works,Industrials,Industrial Machinery & Supplies & Components,"Glenview, Illinois",1986-02-28,1912,76.50B
INCY,Incyte,Health Care,Biotechnology,"Wilmington, Delaware",2017-02-28,1991,25.24B
IR,Ingersoll Rand,Industrials,Industrial Machinery & Supplies & Components,"Davidson, North Carolina",2020-03-03,1859,28.09B
PODD,Insulet Corporation,Health Care,Health Care Equipment,"Acton, Massachusetts",2023-03-15,2000,9.89B
INTC,Intel,Information Technology,Semiconductors,"Santa Clara, California",1976-12-31,1968,536.75B
IBKR,Interactive Brokers,Financials,Investment Banking & Brokerage,"Greenwich, Connecticut",2025-08-28,1977,39.35B
ICE,Intercontinental Exchange,Financials,Financial Exchanges & Data,"Atlanta, Georgia",2007-09-26,2000,86.25B
IFF,International Flavors & Fragrances,Materials,Specialty Chemicals,"New York City, New York",1976-03-31,1958 (1889),21.63B
IP,International Paper,Materials,Paper & Plastic Packaging Products & Materials,"Memphis, Tennessee",1957-03-04,1898,18.02B
INTU,Intuit,Information Technology,Application Software,"Mountain View, California",2000-12-05,1983,86.18B
ISRG,Intuitive Surgical,Health Care,Health Care Equipment,"Sunnyvale, California",2008-06-02,1995,137.81B
IVZ,Invesco,Financials,Asset Management & Custody Banks,"Atlanta, Georgia",2008-08-21,1935,13.55B
INVH,Invitation Homes,Real Estate,Single-Family Residential REITs,"Dallas, Texas",2022-09-19,2012,16.28B
IQV,IQVIA,Health Care,Life Sciences Tools & Services,"Durham, North Carolina",2017-08-29,1982,44.97B
IRM,Iron Mountain,Real Estate,Other Specialized REITs,"Portsmouth, New Hampshire",2009-01-06,1951,33.97B
JBHT,J.B. Hunt,Industrials,Cargo Ground Transportation,"Lowell, Arkansas",2015-07-01,1961,22.41B
JBL,Jabil,Information Technology,Electronic Manufacturing Services,"St. Petersburg, Florida",2023-12-18,1966,31.34B
JKHY,Jack Henry & Associates,Financials,Transaction & Payment Processing Services,"Monett, Missouri",2018-11-13,1976,11.19B
J,Jacobs Solutions,Industrials,Construction & Engineering,"Dallas, Texas",2007-10-26,1947,16.93B
JNJ,Johnson & Johnson,Health Care,Pharmaceuticals,"New Brunswick, New Jersey",1973-06-30,1886,646.78B
JCI,Johnson Controls,Industrials,Building Products,"Cork, Ireland",2010-08-27,1885,84.67B
JPM,JPMorgan Chase,Financials,Diversified Banks,"New York City, New York",1975-06-30,2000 (1799 / 1871),931.00B
KVUE,Kenvue,Consumer Staples,Personal Care Products,"Skillman, New Jersey",2023-08-25,2022 (Johnson & Johnson spinoff),34.28B
KDP,Keurig Dr Pepper,Consumer Staples,Soft Drinks & Non-alcoholic Beverages,"Burlington, Massachusetts",2022-06-21,1981,43.36B
KEY,KeyCorp,Financials,Regional Banks,"Cleveland, Ohio",1994-03-01,1825,22.63B
KEYS,Keysight Technologies,Information Technology,Electronic Equipment & Instruments,"Santa Rosa, California",2018-11-06,2014 (1939),54.67B
KMB,Kimberly-Clark,Consumer Staples,Household Products,"Irving, Texas",1957-03-04,1872,32.60B
KIM,Kimco Realty,Real Estate,Retail REITs,"Jericho, New York",2006-04-04,1958,15.22B
KMI,Kinder Morgan,Energy,Oil & Gas Storage & Transportation,"Houston, Texas",2012-05-25,1997,68.65B
KKR,KKR & Co.,Financials,Asset Management & Custody Banks,"New York City, New York",2024-06-24,1976,88.70B
KLAC,KLA Corporation,Information Technology,Semiconductor Materials & Equipment,"Milpitas, California",1997-09-30,1975/1977 (1997),220.94B
KHC,Kraft Heinz,Consumer Staples,Packaged Foods & Meats,"Chicago, Illinois; Pittsburgh, Pennsylvania",2015-07-06,2015 (1869),29.53B
KR,Kroger,Consumer Staples,Food Retail,"Cincinnati, Ohio",1957-03-04,1883,36.51B
LHX,L3Harris,Industrials,Aerospace & Defense,"Melbourne, Florida",2008-09-22,"2019 (L3 1997, Harris 1895)",46.34B
LH,Labcorp,Health Care,Health Care Services,"Burlington, North Carolina",2004-11-01,1978,26.29B
LRCX,Lam Research,Information Technology,Semiconductor Materials & Equipment,"Fremont, California",2012-06-29,1980,337.97B
LVS,Las Vegas Sands,Consumer Discretionary,Casinos & Gaming,"Las Vegas, Nevada",2019-10-03,1988,26.69B
LDOS,Leidos,Industrials,Diversified Support Services,"Reston, Virginia",2019-08-09,1969,16.37B
LEN,Lennar,Consumer Discretionary,Homebuilding,"Miami, Florida",2005-10-04,1954,19.13B
LII,Lennox International,Industrials,Building Products,"Richardson, Texas",2024-12-23,1895,12.55B
LLY,Lilly (Eli),Health Care,Pharmaceuticals,"Indianapolis, Indiana",1970-12-31,1876,1.02T
LIN,Linde plc,Materials,Industrial Gases,"Guildford, United Kingdom",1992-07-01,1879,213.05B
LYV,Live Nation Entertainment,Communication Services,Movies & Entertainment,"Beverly Hills, California",2019-12-23,2010,40.25B
LMT,Lockheed Martin,Industrials,Aerospace & Defense,"Bethesda, Maryland",1957-03-04,1995,123.63B
L,Loews Corporation,Financials,Multi-line Insurance,"New York City, New York",1995-05-31,1959,22.20B
LOW,Lowe's,Consumer Discretionary,Home Improvement Retail,"Mooresville, North Carolina",1984-02-29,1904/1946/1959,110.09B
LULU,Lululemon Athletica,Consumer Discretionary,"Apparel, Accessories & Luxury Goods","Vancouver, Canada",2023-10-18,1998,10.82B
LITE,Lumentum,Information Technology,Communications Equipment,"San Jose, California",2026-03-23,2015,81.28B
LYB,LyondellBasell,Materials,Specialty Chemicals,"Rotterdam, Netherlands",2012-09-05,2007,20.92B
MTB,M&T Bank,Financials,Regional Banks,"Buffalo, New York",2004-02-23,1856,33.04B
MPC,Marathon Petroleum,Energy,Oil & Gas Refining & Marketing,"Findlay, Ohio",2011-07-01,2009 (1887),117.47B
MAR,Marriott International,Consumer Discretionary,"Hotels, Resorts & Cruise Lines","Bethesda, Maryland",1998-05-29,1927,87.60B
MRSH,Marsh McLennan,Financials,Insurance Brokers,"New York City, New York",1987-08-31,1905,84.59B
MLM,Martin Marietta Materials,Materials,Construction Materials,"Raleigh, North Carolina",2014-07-02,1993,35.75B
MRVL,Marvell Technology,Information Technology,Semiconductors,"Santa Clara, California",2026-06-22,1995,206.43B
MAS,Masco,Industrials,Building Products,"Livonia, Michigan",1981-06-30,1929,13.57B
MA,Mastercard,Financials,Transaction & Payment Processing Services,"Harrison, New York",2008-07-18,1966,499.31B
MKC,McCormick & Company,Consumer Staples,Packaged Foods & Meats,"Hunt Valley, Maryland",2003-03-20,1889,13.64B
MCD,McDonald's,Consumer Discretionary,Restaurants,"Chicago, Illinois",1970-06-30,1940,177.42B
MCK,McKesson Corporation,Health Care,Health Care Distributors,"Irving, Texas",1999-01-13,1833,103.91B
MDT,Medtronic,Health Care,Health Care Equipment,"Galway, Ireland",1986-10-31,1949,119.77B
MRK,Merck & Co.,Health Care,Pharmaceuticals,"Kenilworth, New Jersey",1957-03-04,1891,356.56B
META,Meta Platforms,Communication Services,Interactive Media & Services,"Menlo Park, California",2013-12-23,2004,1.73T
MET,MetLife,Financials,Life & Health Insurance,"New York City, New York",2000-12-11,1868,62.04B
MTD,Mettler Toledo,Health Care,Life Sciences Tools & Services,"Columbus, Ohio",2016-09-06,1945,27.98B
MGM,MGM Resorts,Consumer Discretionary,Casinos & Gaming,"Paradise, Nevada",2017-07-26,1986,9.86B
MCHP,Microchip Technology,Information Technology,Semiconductors,"Chandler, Arizona",2007-09-07,1989,38.45B
MU,Micron Technology,Information Technology,Semiconductors,"Boise, Idaho",1994-09-27,1978,1.04T
MSFT,Microsoft,Information Technology,Systems Software,"Redmond, Washington",1994-06-01,1975,3.66T
MAA,Mid-America Apartment Communities,Real Estate,Multi-Family Residential REITs,"Memphis, Tennessee",2016-12-02,1977,14.26B
MRNA,Moderna,Health Care,Biotechnology,"Cambridge, Massachusetts",2021-07-21,2010,58.59B
TAP,Molson Coors Beverage Company,Consumer Staples,Brewers,"Chicago, Illinois",1976-06-30,"2005 (Molson 1786, Coors 1873)",7.34B
MDLZ,Mondelez International,Consumer Staples,Packaged Foods & Meats,"Chicago, Illinois",2012-10-02,2012,80.25B
MPWR,Monolithic Power Systems,Information Technology,Semiconductors,"Kirkland, Washington",2021-02-12,1997,56.90B
MNST,Monster Beverage,Consumer Staples,Soft Drinks & Non-alcoholic Beverages,"Corona, California",2012-06-28,2012 (1935),87.70B
MCO,Moody's Corporation,Financials,Financial Exchanges & Data,"New York City, New York",1998-07-01,1909,81.55B
MS,Morgan Stanley,Financials,Investment Banking & Brokerage,"New York City, New York",1993-07-29,1935,324.67B
MOS,Mosaic Company (The),Materials,Fertilizers & Agricultural Chemicals,"Tampa, Florida",2011-09-26,2004 (1865 / 1909),7.91B
MSI,Motorola Solutions,Information Technology,Communications Equipment,"Chicago, Illinois",1957-03-04,1928 (2011),77.20B
MSCI,MSCI,Financials,Financial Exchanges & Data,"New York City, New York",2018-04-04,1969,39.60B
NDAQ,"Nasdaq, Inc.",Financials,Financial Exchanges & Data,"New York City, New York",2008-10-22,1971,49.64B
NTAP,NetApp,Information Technology,"Technology Hardware, Storage & Peripherals","San Jose, California",1999-06-25,1992,37.97B
NFLX,Netflix,Communication Services,Movies & Entertainment,"Los Gatos, California",2010-12-20,1997,321.71B
NEM,Newmont,Materials,Gold,"Denver, Colorado",1969-06-30,1921,128.20B
NWSA,News Corp (Class A),Communication Services,Publishing,"New York City, New York",2013-08-01,2013 (News Corporation 1980),16.40B
NWS,News Corp (Class B),Communication Services,Publishing,"New York City, New York",2015-09-18,2013 (News Corporation 1980),18.13B
NEE,NextEra Energy,Utilities,Multi-Utilities,"Juno Beach, Florida",1976-06-30,1984 (1925),168.35B
NKE,"Nike, Inc.",Consumer Discretionary,"Apparel, Accessories & Luxury Goods","Washington County, Oregon",1988-11-30,1964,53.78B
NI,NiSource,Utilities,Multi-Utilities,"Merrillville, Indiana",2000-11-02,1912,19.51B
NDSN,Nordson Corporation,Industrials,Industrial Machinery & Supplies & Components,"Westlake, Ohio",2022-02-15,1935,17.29B
NSC,Norfolk Southern,Industrials,Rail Transportation,"Atlanta, Georgia",1957-03-04,1881/1894 (1980),71.74B
NTRS,Northern Trust,Financials,Asset Management & Custody Banks,"Chicago, Illinois",1998-01-30,1889,32.53B
NOC,Northrop Grumman,Industrials,Aerospace & Defense,"West Falls Church, Virginia[2]",1957-03-04,"1994 (Northrop 1939, Grumman 1930)",75.25B
NCLH,Norwegian Cruise Line Holdings,Consumer Discretionary,"Hotels, Resorts & Cruise Lines","Miami-Dade County, Florida[3]",2017-10-13,2011 (1966),6.66B
NRG,NRG Energy,Utilities,Independent Power Producers & Energy Traders,"Houston, Texas",2010-01-29,1992,22.70B
NUE,Nucor,Materials,Steel,"Charlotte, North Carolina",1985-04-30,1940,59.38B
NVDA,Nvidia,Information Technology,Semiconductors,"Santa Clara, California",2001-11-30,1993,5.19T
NVR,"NVR, Inc.",Consumer Discretionary,Homebuilding,"Reston, Virginia",2019-09-26,1980,16.61B
NXPI,NXP Semiconductors,Information Technology,Semiconductors,"Eindhoven, Netherlands",2021-03-22,1953,56.03B
ORLY,O'Reilly Automotive,Consumer Discretionary,Automotive Retail,"Springfield, Missouri",2009-03-27,1957,68.77B
OXY,Occidental Petroleum,Energy,Oil & Gas Exploration & Production,"Houston, Texas",1957-03-04,1920,60.22B
ODFL,Old Dominion,Industrials,Cargo Ground Transportation,"Thomasville, North Carolina",2019-12-09,1934,36.34B
OMC,Omnicom Group,Communication Services,Advertising,"New York City, New York",1997-12-31,1986,21.81B
ON,ON Semiconductor,Information Technology,Semiconductors,"Phoenix, Arizona",2022-06-21,1999,27.71B
OKE,Oneok,Energy,Oil & Gas Storage & Transportation,"Tulsa, Oklahoma",2010-03-15,1906,59.02B
ORCL,Oracle Corporation,Information Technology,Application Software,"Austin, Texas",1989-08-31,1977,434.87B
OTIS,Otis Worldwide,Industrials,Industrial Machinery & Supplies & Components,"Farmington, Connecticut",2020-04-03,"2020 (1853, United Technologies spinoff)",26.41B
PCAR,Paccar,Industrials,Construction Machinery & Heavy Transportation Equipment,"Bellevue, Washington",1980-12-31,1905,62.71B
PKG,Packaging Corporation of America,Materials,Paper & Plastic Packaging Products & Materials,"Lake Forest, Illinois",2017-07-26,1959,20.74B
PLTR,Palantir Technologies,Information Technology,Application Software,"Aventura, Florida",2024-09-23,2003,414.91B
PANW,Palo Alto Networks,Information Technology,Systems Software,"Santa Clara, California",2023-06-20,2005,309.07B
PSKY,Paramount Skydance Corporation,Communication Services,Movies & Entertainment,"Los Angeles, California",1994-09-30,2025 (Paramount Pictures 1912),12.53B
PH,Parker Hannifin,Industrials,Industrial Machinery & Supplies & Components,"Cleveland, Ohio",1985-11-30,1917,116.73B
PAYX,Paychex,Industrials,Human Resource & Employment Services,"Penfield, New York",1998-10-01,1971,41.81B
PYPL,PayPal,Financials,Transaction & Payment Processing Services,"San Jose, California",2015-07-20,1998,45.34B
PNR,Pentair,Industrials,Industrial Machinery & Supplies & Components,"Worsley, United Kingdom",2012-10-01,1966,9.09B
PEP,PepsiCo,Consumer Staples,Soft Drinks & Non-alcoholic Beverages,"Purchase, New York",1957-03-04,1898,184.40B
PFE,Pfizer,Health Care,Pharmaceuticals,"New York City, New York",1957-03-04,1849,156.77B
PCG,PG&E Corporation,Utilities,Multi-Utilities,"Oakland, California",2022-10-03,1905,29.43B
PM,Philip Morris International,Consumer Staples,Tobacco,"New York City, New York",2008-03-31,2008 (1847),301.59B
PSX,Phillips 66,Energy,Oil & Gas Refining & Marketing,"Houston, Texas",2012-05-01,2012 (1917),106.54B
PNW,Pinnacle West Capital,Utilities,Multi-Utilities,"Phoenix, Arizona",1999-10-04,1985,11.53B
PNC,PNC Financial Services,Financials,Diversified Banks,"Pittsburgh, Pennsylvania",1988-04-30,1845,93.54B
PPG,PPG Industries,Materials,Specialty Chemicals,"Pittsburgh, Pennsylvania",1957-03-04,1883,23.46B
PPL,PPL Corporation,Utilities,Electric Utilities,"Allentown, Pennsylvania",2001-10-01,1920,25.12B
PFG,Principal Financial Group,Financials,Life & Health Insurance,"Des Moines, Iowa",2002-07-22,1879,25.31B
PG,Procter & Gamble,Consumer Staples,Personal Care Products,"Cincinnati, Ohio",1957-03-04,1837,343.34B
PGR,Progressive Corporation,Financials,Property & Casualty Insurance,"Mayfield Village, Ohio",1997-08-04,1937,127.09B
PLD,Prologis,Real Estate,Industrial REITs,"San Francisco, California",2003-07-17,1983,127.79B
PRU,Prudential Financial,Financials,Life & Health Insurance,"Newark, New Jersey",2002-07-22,1875,40.77B
PEG,Public Service Enterprise Group,Utilities,Electric Utilities,"Newark, New Jersey",1957-03-04,1903,35.10B
PTC,PTC Inc.,Information Technology,Application Software,"Boston, Massachusetts",2021-04-20,1985,14.33B
PSA,Public Storage,Real Estate,Self-Storage REITs,"Glendale, California",2005-08-19,1972,55.70B
PHM,PulteGroup,Consumer Discretionary,Homebuilding,"Atlanta, Georgia",1984-04-30,1956,22.55B
PWR,Quanta Services,Industrials,Construction & Engineering,"Houston, Texas",2009-07-01,1997,93.35B
QCOM,Qualcomm,Information Technology,Semiconductors,"San Diego, California",1999-07-22,1985,199.66B
DGX,Quest Diagnostics,Health Care,Health Care Services,"Secaucus, New Jersey",2002-12-12,1967,27.30B
Q,Qnity Electronics,Information Technology,Semiconductor Materials & Equipment,"Wilmington, Delaware",2025-11-03,2025,24.09B
RL,Ralph Lauren Corporation,Consumer Discretionary,"Apparel, Accessories & Luxury Goods","New York City, New York",2007-02-02,1967,20.33B
RJF,Raymond James Financial,Financials,Investment Banking & Brokerage,"St. Petersburg, Florida",2017-03-20,1962,31.92B
RDDT,Reddit,Communication Services,Interactive Media & Services,"San Francisco, California",2026-08-18,2005,30.67B
RTX,RTX Corporation,Industrials,Aerospace & Defense,"Waltham, Massachusetts",1957-03-04,1922,265.17B
O,Realty Income,Real Estate,Retail REITs,"San Diego, California",2015-04-07,1969,54.51B
REG,Regency Centers,Real Estate,Retail REITs,"Jacksonville, Florida",2017-03-02,1963,13.41B
REGN,Regeneron Pharmaceuticals,Health Care,Biotechnology,"Tarrytown, New York",2013-05-01,1988,80.20B
RF,Regions Financial Corporation,Financials,Regional Banks,"Birmingham, Alabama",1998-08-28,1971,24.61B
RSG,Republic Services,Industrials,Environmental & Facilities Services,"Phoenix, Arizona",2008-12-05,1998 (1981),67.85B
RMD,ResMed|,Health Care,Health Care Equipment,"San Diego, California",2017-07-26,1989,32.98B
RVTY,Revvity,Health Care,Health Care Equipment,"Waltham, Massachusetts",1985-05-31,1937,16.39B
HOOD,Robinhood Markets,Financials,Investment Banking & Brokerage,"Menlo Park, California",2025-09-22,2013,93.87B
ROK,Rockwell Automation,Industrials,Electrical Components & Equipment,"Milwaukee, Wisconsin",2000-03-12,1903,46.47B
ROL,"Rollins, Inc.",Industrials,Environmental & Facilities Services,"Atlanta, Georgia",2018-10-01,1948,16.41B
ROP,Roper Technologies,Information Technology,Electronic Equipment & Instruments,"Sarasota, Florida",2009-12-23,1981,37.32B
ROST,Ross Stores,Consumer Discretionary,Apparel Retail,"Dublin, California",2009-12-21,1982,72.54B
RCL,Royal Caribbean Group,Consumer Discretionary,"Hotels, Resorts & Cruise Lines","Miami, Florida",2014-12-05,1997,68.48B
SPGI,S&P Global,Financials,Financial Exchanges & Data,"New York City, New York",1957-03-04,1917,121.15B
CRM,Salesforce,Information Technology,Application Software,"San Francisco, California",2008-09-15,1999,207.70B
SNDK,Sandisk,Information Technology,"Technology Hardware, Storage & Peripherals","Milpitas, California",2025-11-28,1988,223.68B
SBAC,SBA Communications,Real Estate,Telecom Tower REITs,"Boca Raton, Florida",2017-09-01,1989,19.61B
SLB,Schlumberger,Energy,Oil & Gas Equipment & Services,"Houston, Texas",1957-03-04,1926,78.98B
STX,Seagate Technology,Information Technology,"Technology Hardware, Storage & Peripherals","Dublin, Ireland",2012-07-02,1979,178.33B
SRE,Sempra,Utilities,Multi-Utilities,"San Diego, California",2017-03-17,1998,53.64B
NOW,ServiceNow,Information Technology,Systems Software,"Santa Clara, California",2019-11-21,2003,145.91B
SHW,Sherwin-Williams,Materials,Specialty Chemicals,"Cleveland, Ohio",1964-06-30,1866,78.87B
SPG,Simon Property Group,Real Estate,Retail REITs,"Indianapolis, Indiana",2002-06-26,2003,65.64B
SWKS,Skyworks Solutions,Information Technology,Semiconductors,"Irvine, California",2015-03-12,2002,13.11B
SJM,J.M. Smucker Company (The),Consumer Staples,Packaged Foods & Meats,"Orrville, Ohio",2008-11-06,1897,13.21B
SW,Smurfit Westrock,Materials,Paper & Plastic Packaging Products & Materials,"Dublin, Ireland",2024-07-08,1934,23.53B
SNA,Snap-on,Industrials,Industrial Machinery & Supplies & Components,"Kenosha, Wisconsin",1982-09-30,1920,19.46B
SOLV,Solventum,Health Care,Health Care Technology,"Saint Paul, Minnesota",2024-04-01,2023,15.40B
SO,Southern Company,Utilities,Electric Utilities,"Atlanta, Georgia",1957-03-04,1945,99.28B
LUV,Southwest Airlines,Industrials,Passenger Airlines,"Dallas, Texas",1994-07-01,1967,18.92B
SWK,Stanley Black & Decker,Industrials,Industrial Machinery & Supplies & Components,"New Britain, Connecticut",1982-09-30,1843,13.56B
SBUX,Starbucks,Consumer Discretionary,Restaurants,"Seattle, Washington",2000-06-07,1971,110.98B
STT,State Street Corporation,Financials,Asset Management & Custody Banks,"Boston, Massachusetts",2003-03-14,1792,50.80B
STLD,Steel Dynamics,Materials,Steel,"Fort Wayne, Indiana",2022-12-22,1993,34.44B
STE,Steris,Health Care,Health Care Equipment,"Dublin, Ireland",2019-12-23,1985,20.68B
SYK,Stryker Corporation,Health Care,Health Care Equipment,"Kalamazoo, Michigan",2000-12-12,1941,110.42B
SMCI,Supermicro,Information Technology,"Technology Hardware, Storage & Peripherals","San Jose, California",2024-03-18,1993,24.02B
SYF,Synchrony Financial,Financials,Consumer Finance,"Stamford, Connecticut",2015-11-18,2003,24.63B
SNPS,Synopsys,Information Technology,Application Software,"Sunnyvale, California",2017-03-16,1986,72.32B
SYY,Sysco,Consumer Staples,Food Distributors,"Houston, Texas",1986-12-31,1969,38.01B
TMUS,T-Mobile US,Communication Services,Wireless Telecommunication Services,"Bellevue, Washington",2019-07-15,1994,189.24B
TROW,T. Rowe Price,Financials,Asset Management & Custody Banks,"Baltimore, Maryland",2019-07-29,1937,22.10B
TTWO,Take-Two Interactive,Communication Services,Interactive Home Entertainment,"New York City, New York",2018-03-19,1993,39.89B
TPR,"Tapestry, Inc.",Consumer Discretionary,"Apparel, Accessories & Luxury Goods","New York City, New York",2004-09-01,2017,23.94B
TRGP,Targa Resources,Energy,Oil & Gas Storage & Transportation,"Houston, Texas",2022-10-12,2005,61.52B
TGT,Target Corporation,Consumer Staples,Consumer Staples Merchandise Retail,"Minneapolis, Minnesota",1976-12-31,1902,70.72B
TEL,TE Connectivity,Information Technology,Electronic Manufacturing Services,"Galway, Ireland",2011-10-17,2007,58.91B
TDY,Teledyne Technologies,Information Technology,Electronic Equipment & Instruments,"Thousand Oaks, California",2020-06-22,1960,27.90B
TER,Teradyne,Information Technology,Semiconductor Materials & Equipment,"North Reading, Massachusetts",2020-09-21,1960,53.40B
TSLA,"Tesla, Inc.",Consumer Discretionary,Automobile Manufacturers,"Austin, Texas",2020-12-21,2003,1.42T
TXN,Texas Instruments,Information Technology,Semiconductors,"Dallas, Texas",2001-03-12,1930,240.26B
TPL,Texas Pacific Land Corporation,Energy,Oil & Gas Exploration & Production,"Dallas, Texas",2024-11-26,1888,24.49B
TXT,Textron,Industrials,Aerospace & Defense,"Providence, Rhode Island",1978-12-31,1923,13.99B
TMO,Thermo Fisher Scientific,Health Care,Life Sciences Tools & Services,"Waltham, Massachusetts",2004-08-03,2006 (1902),240.92B
TJX,TJX Companies,Consumer Discretionary,Apparel Retail,"Framingham, Massachusetts",1985-09-30,1987,137.90B
TKO,TKO Group Holdings,Communication Services,Movies & Entertainment,"New York City, New York",2025-03-24,2023,14.24B
TTD,Trade Desk (The),Communication Services,Advertising,"Ventura, California",2025-07-18,2009,6.98B
TSCO,Tractor Supply,Consumer Discretionary,Other Specialty Retail,"Brentwood, Tennessee",2014-01-24,1938,17.60B
TT,Trane Technologies,Industrials,Building Products,"Dublin, Ireland",2010-11-17,1871,92.78B
TDG,TransDigm Group,Industrials,Aerospace & Defense,"Cleveland, Ohio",2016-06-03,1993,60.39B
TRV,Travelers Companies (The),Financials,Property & Casualty Insurance,"New York City, New York",2002-08-21,1853,79.26B
TRMB,Trimble Inc.,Information Technology,Application Software,"Westminster, Colorado",2021-01-21,1978,13.58B
TFC,Truist Financial,Financials,Diversified Banks,"Charlotte, North Carolina",1997-12-04,1872,60.01B
TYL,Tyler Technologies,Information Technology,Application Software,"Plano, Texas",2020-06-22,1966,14.31B
TSN,Tyson Foods,Consumer Staples,Packaged Foods & Meats,"Springdale, Arkansas",2005-08-10,1935,18.52B
USB,U.S. Bancorp,Financials,Diversified Banks,"Minneapolis, Minnesota",1999-11-01,1968,94.30B
UBER,Uber,Industrials,Passenger Ground Transportation,"San Francisco, California",2023-12-18,2009,146.27B
UDR,"UDR, Inc.",Real Estate,Multi-Family Residential REITs,"Highlands Ranch, Colorado",2016-03-07,1972,11.15B
ULTA,Ulta Beauty,Consumer Discretionary,Other Specialty Retail,"Bolingbrook, Illinois",2016-04-18,1990,23.13B
UNP,Union Pacific Corporation,Industrials,Rail Transportation,"Omaha, Nebraska",1957-03-04,1862,168.00B
UAL,United Airlines Holdings,Industrials,Passenger Airlines,"Chicago, Illinois",2015-09-03,1967,34.49B
UPS,United Parcel Service,Industrials,Air Freight & Logistics,"Sandy Springs, Georgia",2002-07-22,1907,84.60B
URI,United Rentals,Industrials,Trading Companies & Distributors,"Stamford, Connecticut",2014-09-20,1997,63.13B
UNH,UnitedHealth Group,Health Care,Managed Health Care,"Eden Prairie, Minnesota",1994-07-01,1977,338.63B
UHS,Universal Health Services,Health Care,Health Care Facilities,"King of Prussia, Pennsylvania",2014-09-20,1979,10.67B
VLO,Valero Energy,Energy,Oil & Gas Refining & Marketing,"San Antonio, Texas",2002-12-20,1980,117.00B
VEEV,Veeva Systems,Health Care,Health Care Technology,"Pleasanton, California",2026-05-07,2007,43.17B
VTR,Ventas,Real Estate,Health Care REITs,"Chicago, Illinois",2009-03-04,1998,45.27B
VLTO,Veralto,Industrials,Environmental & Facilities Services,"Waltham, Massachusetts",2023-10-02,2023,23.51B
VRSN,Verisign,Information Technology,Internet Services & Infrastructure,"Reston, Virginia",2006-02-01,1995,27.19B
VRSK,Verisk Analytics,Industrials,Research & Consulting Services,"Jersey City, New Jersey",2015-10-08,1971,23.62B
VZ,Verizon,Communication Services,Integrated Telecommunication Services,"New York City, New York",1983-11-30,1983 (1877),207.88B
VRTX,Vertex Pharmaceuticals,Health Care,Biotechnology,"Boston, Massachusetts",2013-09-23,1989,130.68B
VRT,Vertiv,Industrials,Electrical Components & Equipment,"Westerville, Ohio",2026-03-23,2016,93.12B
VTRS,Viatris,Health Care,Pharmaceuticals,"Pittsburgh, Pennsylvania",2004-04-23,1961,19.42B
VICI,Vici Properties,Real Estate,Hotel & Resort REITs,"New York City, New York",2022-06-08,2017,27.09B
V,Visa Inc.,Financials,Transaction & Payment Processing Services,"San Francisco, California",2009-12-21,1958,692.58B
VST,Vistra Corp.,Utilities,Electric Utilities,"Irving, Texas",2024-05-08,2016,47.41B
VMRK,Vivmark Residential,Real Estate,Multi-Family Residential REITs,"Chicago, Illinois",2001-12-03,1969,49.62B
VMC,Vulcan Materials Company,Materials,Construction Materials,"Birmingham, Alabama",1999-06-30,1909,31.96B
WRB,W. R. Berkley Corporation,Financials,Property & Casualty Insurance,"Greenwich, Connecticut",2019-12-05,1967,26.20B
GWW,W. W. Grainger,Industrials,Industrial Machinery & Supplies & Components,"Lake Forest, Illinois",1981-06-30,1927,59.50B
WAB,Wabtec,Industrials,Construction Machinery & Heavy Transportation Equipment,"Pittsburgh, Pennsylvania",2019-02-27,1999 (1869),46.79B
WMT,Walmart,Consumer Staples,Consumer Staples Merchandise Retail,"Bentonville, Arkansas",1982-08-31,1962,858.75B
DIS,Walt Disney Company (The),Communication Services,Movies & Entertainment,"Burbank, California",1976-06-30,1923,186.56B
WBD,Warner Bros. Discovery,Communication Services,Broadcasting,"New York City, New York",2022-04-11,2022 (Warner Bros. 1923),70.34B
WM,Waste Management,Industrials,Environmental & Facilities Services,"Houston, Texas",1998-08-31,1968,86.06B
WAT,Waters Corporation,Health Care,Life Sciences Tools & Services,"Milford, Massachusetts",2002-01-02,1958,41.58B
WEC,WEC Energy Group,Utilities,Electric Utilities,"Milwaukee, Wisconsin",2008-10-31,1896,33.69B
WFC,Wells Fargo,Financials,Diversified Banks,"San Francisco, California",1976-06-30,1852,266.08B
WELL,Welltower,Real Estate,Health Care REITs,"Toledo, Ohio",2009-01-30,1970,168.68B
WST,West Pharmaceutical Services,Health Care,Health Care Supplies,"Exton, Pennsylvania",2020-05-22,1923,25.77B
WDC,Western Digital,Information Technology,"Technology Hardware, Storage & Peripherals","San Jose, California",2009-07-01,1970,152.64B
WY,Weyerhaeuser,Real Estate,Timber REITs,"Seattle, Washington",1979-10-01,1900,15.86B
WSM,"Williams-Sonoma, Inc.",Consumer Discretionary,Homefurnishing Retail,"San Francisco, California",2025-03-24,1956,26.12B
WMB,Williams Companies,Energy,Oil & Gas Storage & Transportation,"Tulsa, Oklahoma",1975-03-31,1908,86.91B
WTW,Willis Towers Watson,Financials,Insurance Brokers,"London, United Kingdom",2016-01-05,2016,29.14B
WDAY,"Workday, Inc.",Information Technology,Application Software,"Pleasanton, California",2024-12-23,2005,45.66B
WYNN,Wynn Resorts,Consumer Discretionary,Casinos & Gaming,"Paradise, Nevada",2008-11-14,2002,8.71B
XEL,Xcel Energy,Utilities,Multi-Utilities,"Minneapolis, Minnesota",1957-03-04,1909,45.52B
XYL,Xylem Inc.,Industrials,Industrial Machinery & Supplies & Components,"White Plains, New York",2011-11-01,2011,25.12B
YUM,Yum! Brands,Consumer Discretionary,Restaurants,"Louisville, Kentucky",1997-10-06,1997,38.13B
ZBRA,Zebra Technologies,Information Technology,Electronic Equipment & Instruments,"Lincolnshire, Illinois",2019-12-23,1969,16.32B
ZBH,Zimmer Biomet,Health Care,Health Care Equipment,"Warsaw, Indiana",2001-08-07,1927,18.63B
ZTS,Zoetis,Health Care,Pharmaceuticals,"Parsippany, New Jersey",2013-06-21,1952,30.44B
